city_name,city_name2,team_name,lat,lon,usps,target_city,rank,pop2021,pop2010,growth_10,growth_rank,density,aland_sqmi,footballteam_present,pro_teams,stadium_count,per_capita_income,total_households,Margin of Error!!HOUSEHOLDS BY TYPE!!Total households,Percent!!HOUSEHOLDS BY TYPE!!Total households,married_cpl_hh,married_cpl_child_u18,non_married_hh,nonmarried_cpl_child_u18,single_male_hh,single_male_hh_childu18,"Estimate!!HOUSEHOLDS BY TYPE!!Total households!!Male householder, no spouse/partner present!!Householder living alone",single_male_hh_over65,single_female_hh,single_female_hh_childu18,"Estimate!!HOUSEHOLDS BY TYPE!!Total households!!Female householder, no spouse/partner present!!Householder living alone",single_female_hh_childu18,hh_multiple_ppl_u18,hh_multiple_ppl_o65,avg_household_size,avg_family_size,estimated_population,Estimate!!RELATIONSHIP!!Population in households!!Spouse,estimate_unmarried,estimate_child,estimate_otherrelative,estimate_nonrelative,estimate_male_o15,estimate_male_o15_unmarried,estimate_male_married,estimate_male_o15_seperated,estimate_male_o15_widow,estimate_male_o15_divorced,estimate_female_o15,estimate_female_o15_unmarried,estimate_female_married,estimate_female_o15_seperated,estimate_female_o15_widow,estimate_female_o15_divorced,estimate_15to50_childu1,per1000_female15to50_childu1_unmarried,per1000_female15to50_childu1,per1000_female15to19_childu1,per1000_female20to34_childu1,per1000_female35to50_childu1,grandparents_kidsinhouse_u18,grandparents_kids_inhouse,grandparents_kids_inhouse_u1,grandparents_kids_inhouse_1to2,grandparents_kids_inhouse_3to4,grandparents_kids_inhouse_o5,grandparents_kids_inhouse_u18,grandparents_kids_inhouse_u18female,school_o3,school_grade9to12,college_gradschool,educated_o25,noneducated_o25_below9thgrade,noneducated_o25_9to12thgrade,highschoolgrad_o25,associates_degree_o25,bachelors_degree_o25,grad_degree_o25,highschoolgradormore_o25,bachelorsormore_o25,Estimate!!VETERAN STATUS!!Civilian population 18 years and over,veteran_o18,disabled,Estimate!!PLACE OF BIRTH!!Total population,native_pop,american_pop,foreignborn_pop,foreignborn_citizen,foreignborn_naturalized,foreignborn_noncitizen,pop_born_abroad,Estimate!!LANGUAGE SPOKEN AT HOME!!Population 5 years and over!!English only,nonenglishspeaking,spanish_speaking,household_comp_internet,household_computer,household_wifi,.pred_1,.pred_LR1,.pred_LR2,.pred_rf,URL_logo
Atlanta,Atlanta,Atlanta Falcons,33.75761,-84.40097,GA,,,524067,429410,0.2204,,3861,135.737,1,5,2,54557,2189294,8398,2189294,1041572,445826,115378,33676,390882,25140,274362,55955,641462,136679,330781,127693,726458,550072,2.71,3.35,5925217,1040546,116446,1860027,518046,200858,2299231,869624,1135918,38200,51811,203678,2520893,836744,1150774,52643,167461,313271,77188,30,50,12,81,33,147876,48676,8520,11066,8671,20419,48676,32774,1605816,348713,408499,4020704,159774,244060,939218,310646,995590,608746,3616870,1604336,4563277,309653,608448,6018744,5166449,5077151,852295,852295,405533,446762,941593,4597939,1049023,527076,2189294,2084834,1961928,99.60%,93.34%,100.00%,99.80%,https://upload.wikimedia.org/wikipedia/en/thumb/c/c5/Atlanta_Falcons_logo.svg/192px-Atlanta_Falcons_logo.svg.png
Austin,Austin,Austin,30.2672,-97.7431,TX,x,3,1011790,806164,0.2551,1,3162,319.939,0,1,2,61977,818084,6935,818084,393381,180033,58310,14124,160956,9516,109030,18879,205437,35726,116048,37198,260704,168910,2.67,3.31,2181633,392940,58768,634066,145651,132124,898328,360880,436141,10922,15426,74959,908198,303608,422747,18317,53290,110236,26820,15,45,9,70,30,40383,10339,2338,533,3335,4133,10339,6403,570971,113630,169808,1507707,77015,67951,290121,97067,445551,250408,1362741,695959,1721131,107528,209363,2227083,1877016,1835730,350067,350067,131615,218452,391353,1496778,593600,434916,818084,784220,745372,47.60%,61.14%,0.16%,19.57%,
Baltimore,Baltimore,Baltimore Ravens,39.27797,-76.62277,MD,,,575584,620915,-0.073,,7111,80.947,1,2,2,63988,1062901,6358,1062901,488067,191745,66024,18790,182286,11306,129356,38171,326524,57390,183186,86878,314520,321865,2.57,3.22,2729855,487734,66443,809188,216467,87122,1090422,421131,530463,18057,27693,93078,1201560,405703,532274,23642,102261,137680,33304,24,50,11,76,35,58957,18102,2082,4453,3826,7741,18102,11062,694054,134771,204772,1946830,52695,110325,476832,135533,448825,366794,1783810,815619,2169382,167846,336894,2800053,2510685,2466881,289368,289368,163988,125380,333172,2296236,338365,112895,1062901,994390,936107,98.42%,70.41%,99.74%,97.80%,https://upload.wikimedia.org/wikipedia/en/thumb/1/16/Baltimore_Ravens_logo.svg/193px-Baltimore_Ravens_logo.svg.png
Boston,Boston,New England Patriots,42.09093,-71.26435,MA,,,695506,621048,0.1199,,14388,48.339,1,5,4,81498,1855763,7355,1855763,885360,350618,122923,26942,321692,16154,212177,65949,525788,79225,313005,151284,518916,562739,2.54,3.14,4709070,885271,123100,1313913,288850,242173,1970562,782260,972095,27118,43916,145173,2120272,757826,954838,34200,169084,204324,49855,15,41,6,57,36,80354,16186,2341,3754,2207,7884,16186,12437,1206992,231885,418223,3432848,137312,130601,756101,233547,911046,782641,3164935,1693687,3916127,182589,517474,4873019,3937427,3822903,935592,935592,499005,436587,1050116,3451324,1165645,428239,1855763,1749219,1676944,99.67%,96.40%,100.00%,99.80%,https://upload.wikimedia.org/wikipedia/en/thumb/b/b9/New_England_Patriots_logo.svg/100px-New_England_Patriots_logo.svg.png
Buffalo,Buffalo,Buffalo Bills,42.77374,-78.78698,NY,x,4,254290,261275,-0.0267,,6298,40.378,1,2,2,52331,488951,4886,488951,199795,70105,38756,11946,99413,5792,74432,21804,150987,25945,92124,46724,125405,153016,2.24,2.9,1097653,199957,38597,298522,44781,26845,452065,177186,209346,6869,13685,44979,488790,159252,210082,7770,49417,62269,13504,31,53,1,93,28,16154,5207,741,777,724,2965,5207,3506,256841,54443,74529,801126,19291,38282,228865,102323,151088,111866,743553,262954,899812,62834,148717,1127983,1056336,1036570,71647,71647,40740,30907,91413,961652,105206,35495,488951,444368,421408,91.23%,43.89%,99.80%,66.93%,https://upload.wikimedia.org/wikipedia/en/thumb/7/77/Buffalo_Bills_logo.svg/189px-Buffalo_Bills_logo.svg.png
Charlotte,Charlotte,Carolina Panthers,35.22581,-80.85286,NC,,,912096,738444,0.2352,,2969,307.238,1,3,1,53916,982241,6569,982241,475863,192176,62405,21312,168446,10468,122151,29836,275527,57789,149827,61953,315996,258227,2.65,3.26,2599021,476843,61274,803765,187344,87554,1018003,371136,514866,19228,23748,89025,1108781,352122,513765,29808,80878,132208,33328,33,50,10,88,29,58478,20961,3286,2969,4204,10502,20961,12967,655722,145090,152545,1794033,74115,109055,408250,172331,428345,221422,1610863,649767,2017660,137672,263982,2636883,2353995,2325345,282888,282888,118204,164684,311538,2122757,353085,215705,982241,927579,876905,98.24%,68.19%,99.89%,99.80%,https://upload.wikimedia.org/wikipedia/en/thumb/1/1c/Carolina_Panthers_logo.svg/100px-Carolina_Panthers_logo.svg.png
Chicago,Chicago,Chicago Bears,41.86231,-87.61667,IL,,,2679080,2697480,-0.0068,,11783,227.369,1,6,3,63500,3539174,8877,3539174,1642192,672295,217087,66897,655432,39099,471725,126920,1024463,183281,588846,276079,1071875,1025237,2.63,3.34,9296823,1641883,217196,2925003,704914,268653,3735969,1491130,1801468,55230,99135,289006,3969124,1383997,1784979,73109,314565,412474,115309,28,50,8,83,31,198280,53559,9176,9518,7333,27532,53559,34931,2353601,515356,617369,6483217,334365,353297,1554216,473964,1535426,1009032,5795555,2544458,7314106,318199,965139,9457867,7796299,7663629,1661568,1661568,904943,756625,1794238,6277914,2620235,1549703,3539174,3297424,3102448,99.70%,98.20%,100.00%,99.80%,https://upload.wikimedia.org/wikipedia/commons/thumb/5/5c/Chicago_Bears_logo.svg/100px-Chicago_Bears_logo.svg.png
Cincinnati,Cincinnati,Cincinnati Bengals,39.09544,-84.51604,OH,,,307266,296980,0.0346,,3948,77.836,1,3,3,56033,878645,6040,878645,411061,153972,56795,20089,166971,14122,114285,31827,243818,47353,141396,64670,268767,248533,2.47,3.07,2169327,410219,57199,625530,124136,73598,872641,314508,432552,12511,23516,89554,920880,280310,433009,14269,75774,117518,25966,26,50,7,87,29,45687,20278,3073,2998,4103,10104,20278,12638,547046,117077,140024,1496183,35157,90524,443316,122826,328315,201434,1370502,529749,1703753,116199,268498,2219750,2101525,2089703,118225,118225,54449,63776,130047,1940883,142329,56457,878645,821046,777604,98.98%,77.79%,99.88%,97.30%,https://upload.wikimedia.org/wikipedia/commons/thumb/8/81/Cincinnati_Bengals_logo.svg/100px-Cincinnati_Bengals_logo.svg.png
Cleveland,Cleveland,Cleveland Browns,41.50602,-81.69956,OH,,,376599,395926,-0.0488,,4847,77.694,1,5,2,55451,872626,5551,872626,350923,119840,57580,17411,182553,10466,137426,40050,281570,48458,173287,83667,217301,284558,2.3,3.03,2005775,351870,56674,560620,112634,51351,809370,316083,372586,10496,24170,86035,886655,290780,376537,16361,84692,118285,26951,40,59,12,101,32,29358,11528,2775,1851,2140,4762,11528,7670,477937,106837,125908,1448794,41021,92539,410919,132383,277897,181285,1315234,459182,1618957,108626,279341,2048449,1917003,1882660,131446,131446,76355,55091,165789,1724308,211633,78951,872626,799556,715717,98.95%,77.36%,100.00%,96.13%,https://upload.wikimedia.org/wikipedia/en/thumb/d/d9/Cleveland_Browns_logo.svg/100px-Cleveland_Browns_logo.svg.png
Dallas,Dallas,Dallas Cowboys,32.74778,-97.09278,TX,,,1347120,1200350,0.1223,,3965,339.736,1,6,3,58725,2635017,10740,2635017,1336405,608615,141266,56783,459570,37346,306669,60381,697776,153227,369714,135780,954178,608624,2.84,3.46,7489445,1335519,142076,2486159,632389,258285,2903942,1052058,1488487,44998,56345,262054,3056715,951419,1464619,67692,196673,376312,103531,31,54,16,85,35,190227,64213,11425,10512,11599,30677,64213,39983,2027416,445288,478084,4932192,325468,336293,1131846,345035,1155466,632672,4270431,1788138,5620701,325634,713679,7573136,6118510,6015264,1454626,1454626,544405,910221,1557872,4790523,2270226,1628575,2635017,2514636,2357328,99.68%,97.21%,100.00%,96.80%,https://upload.wikimedia.org/wikipedia/commons/thumb/1/15/Dallas_Cowboys.svg/100px-Dallas_Cowboys.svg.png
Denver,Denver,Denver Broncos,39.74394,-105.0201,CO,,,749103,603359,0.2416,,4887,153.292,1,5,2,67236,1152457,4669,1152457,555603,229960,83683,17818,229681,16975,157579,36015,283490,42219,166380,66876,341519,281211,2.54,3.17,2931962,553994,84982,814770,195200,130559,1209727,444521,603255,13493,24705,123753,1215790,369269,596725,19070,70315,160411,33324,18,45,16,61,35,56985,20149,4317,3551,3111,9170,20149,12856,699568,150185,167240,2075491,69356,93279,411836,156346,596198,354073,1912856,950271,2306344,164527,276045,2967239,2615315,2564119,351924,351924,180533,171391,403120,2228994,564817,371417,1152457,1109622,1065933,99.54%,90.75%,100.00%,99.80%,https://upload.wikimedia.org/wikipedia/en/thumb/4/44/Denver_Broncos_logo.svg/100px-Denver_Broncos_logo.svg.png
Detroit,Detroit,Detroit Lions,42.34016,-83.04581,MI,,,664139,711131,-0.0661,,4788,138.715,1,4,2,54172,1720610,8462,1720610,754284,282019,105682,31430,344582,23124,250330,66268,516062,92146,294572,149336,473548,531990,2.48,3.18,4272115,753859,106093,1321615,270976,98962,1707354,663523,799665,19461,51066,173639,1836754,598095,808133,25510,174809,230207,50863,32,52,10,88,29,74687,22605,5775,3856,3932,9042,22605,14845,1012880,230751,252950,3019345,85927,185139,825252,268136,579485,398861,2748279,978346,3373913,196849,593418,4319629,3874512,3827779,445117,445117,264768,180349,491850,3489639,577718,114770,1720610,1602423,1503425,99.58%,92.42%,100.00%,99.80%,https://upload.wikimedia.org/wikipedia/en/thumb/7/71/Detroit_Lions_logo.svg/100px-Detroit_Lions_logo.svg.png
Houston,Houston,Houston Texans,29.68478,-95.41096,TX,,,2323660,2100280,0.1064,,3630,640.194,1,4,4,58890,2436438,12238,2436438,1233908,568994,150424,62607,427274,38140,287784,56701,624832,154534,305070,115411,921240,583978,2.87,3.46,6985870,1233514,150476,2366516,615235,183691,2707549,1002317,1385349,51948,52579,215356,2803774,877075,1347516,72413,190101,316669,98373,35,55,11,95,32,179210,61750,10471,10787,14985,25507,61750,39341,1915864,417310,434194,4571710,370499,332483,1075744,342711,971507,551225,3868728,1522732,5200659,260807,656853,7066140,5411629,5293471,1654511,1654511,705251,949260,1772669,3930569,2632057,1988909,2436438,2305814,2169801,99.65%,96.63%,100.00%,91.80%,https://upload.wikimedia.org/wikipedia/en/thumb/2/28/Houston_Texans_logo.svg/100px-Houston_Texans_logo.svg.png
Indianapolis,Indianapolis,Indianapolis Colts,39.76006,-86.16381,IN,,,887232,821579,0.0799,,2454,361.571,1,2,1,56360,793781,6186,793781,369350,145523,52698,14346,143941,10851,107778,26832,227792,41996,143040,56550,236132,211565,2.57,3.28,2040198,367987,54077,620552,125770,78031,797308,294755,392029,9798,19004,81722,855280,279564,391424,12221,67027,105044,23378,27,46,11,79,24,35234,12806,1401,2365,2659,6381,12806,7150,506855,114670,104892,1387825,43029,90566,394308,111197,314963,173394,1254230,488357,1566921,101504,247101,2076531,1932642,1912833,143889,143889,61755,82134,163698,1763728,176995,86634,793781,729164,685052,97.20%,60.68%,99.80%,96.80%,https://upload.wikimedia.org/wikipedia/commons/thumb/0/00/Indianapolis_Colts_logo.svg/100px-Indianapolis_Colts_logo.svg.png
Jacksonville,Jacksonville,Jacksonville Jaguars,30.32393,-81.63736,FL,,,929647,823114,0.1294,,1244,747.467,1,1,1,51421,584381,5888,584381,274910,98763,38631,13569,107676,6307,75374,18329,163164,32448,85678,39542,173381,175915,2.61,3.18,1527509,275543,37903,445109,116618,67955,610028,212887,296411,9061,17158,74511,656688,190064,298763,14350,56121,97390,19914,33,55,8,91,33,33959,12933,1180,3920,2038,5795,12933,8910,359418,72331,87908,1084491,30076,61046,301614,110453,229042,123576,993369,352618,1192083,138473,191689,1559514,1412714,1367942,146800,146800,86802,59998,191572,1279027,185656,91832,584381,552359,522338,15.75%,35.32%,0.13%,13.57%,https://upload.wikimedia.org/wikipedia/en/thumb/7/74/Jacksonville_Jaguars_logo.svg/100px-Jacksonville_Jaguars_logo.svg.png
Kansas City,Kansas City,Kansas City Chiefs,39.04891,-94.48404,MO,,,501957,460697,0.0896,,1594,314.886,1,3,1,55009,844310,6030,844310,410526,166286,53356,17384,153996,11963,110607,25917,226432,44627,132154,62387,264230,231813,2.52,3.13,2124519,409548,54377,638421,110112,67751,836625,278644,432916,13561,20380,91124,889645,247019,436020,15311,74460,116835,26391,28,52,14,92,25,38011,15861,2704,2790,3128,7239,15861,9885,516631,115147,105296,1462067,38652,67249,388796,112093,347595,203966,1356166,551561,1632616,125216,258227,2155068,2002671,1982877,152397,152397,69024,83373,172191,1805354,211894,116419,844310,798299,746913,97.97%,65.91%,99.87%,98.80%,https://upload.wikimedia.org/wikipedia/en/thumb/e/e1/Kansas_City_Chiefs_logo.svg/100px-Kansas_City_Chiefs_logo.svg.png
Las Vegas,Las Vegas,Las Vegas Raiders,36.1699,-115.1398,NV,,,667501,584576,0.1419,,4708,141.767,1,3,2,48806,813607,7174,813607,349549,134053,62909,21481,177633,12893,119392,32131,223516,45062,114729,48972,245338,242038,2.76,3.45,2244412,348582,63922,671526,243565,103210,908369,355012,406827,14458,21756,110316,924156,286911,400206,25512,73299,138228,27110,37,49,8,89,24,59045,17136,2436,4012,2467,8221,17136,11626,524861,120884,118155,1560947,85448,127911,440002,133363,262662,137445,1347588,400107,1738257,145446,268896,2266715,1753485,1711851,513230,513230,261153,252077,554864,1388300,739422,500163,813607,767327,689718,97.89%,65.29%,99.88%,98.80%,https://upload.wikimedia.org/wikipedia/en/thumb/f/f4/Oakland_Raiders_60_seasons_logo.svg/1200px-Oakland_Raiders_60_seasons_logo.svg.png
Los Angeles,Los Angeles,Los Angeles Chargers/Rams,34.0522,118.2437,CA,,,3983540,3795510,0.0495,,8494,468.956,1,10,3,66684,4372678,11595,4372678,2059178,850043,291344,104511,813708,50091,482137,130607,1208448,195621,597275,279182,1395346,1319748,2.97,3.6,12981466,2057947,292720,4051319,1566217,640585,5312890,2309824,2441726,87696,105981,367663,5551493,2063466,2382067,129740,419970,556250,142363,21,43,11,59,36,382197,71765,13113,14545,11172,32935,71765,46572,3397799,679206,1107985,9162092,981619,727016,1829694,651851,2119864,1132529,7453457,3252393,10371042,341366,1256357,13214799,8863087,8699167,4351712,4351712,2345945,2005767,4515632,5682598,6767624,4476896,4372678,4158748,3902981,99.69%,98.67%,100.00%,91.80%,https://upload.wikimedia.org/wikipedia/en/thumb/7/72/NFL_Chargers_logo.svg/100px-NFL_Chargers_logo.svg.png
Louisville,Louisville,Louisville,38.2527,-85.7585,KY,x,6,615924,596482,0.0326,5,2338,263.434,0,0,1,52134,495246,3949,495246,226979,80563,33776,10594,94407,7060,70657,19027,140084,27581,78374,37322,143341,147697,2.51,3.14,1240902,226650,34275,353671,88694,42366,496386,174798,242146,8293,15530,55619,534496,155268,244989,10372,46408,77459,13536,30,46,19,86,17,26534,12226,2140,2043,1901,6142,12226,7879,291957,64108,69893,878487,24107,56428,260983,78678,166621,103264,797952,269885,982476,72987,179488,1266389,1179674,1167816,86715,86715,38632,48083,98573,1094605,95961,46725,495246,459263,422410,10.56%,29.01%,0.02%,2.00%,
Miami,Miami,Miami Dolphins,25.95792,-80.23884,FL,,,478251,400779,0.1933,,13286,35.996,1,5,1,60966,2187192,11717,2187192,953847,321771,156973,54058,406199,27821,264879,87493,670173,123580,343303,189712,611707,790702,2.78,3.43,6085899,953360,157430,1804507,730621,252789,2469184,937389,1151928,55910,66751,257206,2663077,837059,1093518,78056,262350,392094,56835,24,40,7,66,26,170064,33609,5772,6336,6328,15173,33609,21692,1466400,301550,426430,4435058,315428,335757,1162447,412456,913264,555831,3783873,1469095,4918891,190420,677858,6166488,3602998,3428082,2563490,2563490,1519901,1043589,2738406,2612345,3208634,2492247,2187192,2067144,1853523,99.63%,94.41%,100.00%,99.80%,https://upload.wikimedia.org/wikipedia/en/thumb/3/37/Miami_Dolphins_logo.svg/100px-Miami_Dolphins_logo.svg.png
Minneapolis,Minneapolis,Minnesota Vikings,44.97388,-93.25809,MN,,,439012,383067,0.146,,8130,54,1,6,2,64255,1396025,5408,1396025,689636,283589,101628,31081,257133,18952,185914,51013,347628,57866,221634,104066,421555,373647,2.56,3.21,3578234,689857,101510,1069667,184845,136330,1442080,535295,736047,11281,28591,130866,1486504,459059,735539,15207,98104,178595,44606,21,52,5,84,34,46573,9574,1254,2105,1681,4534,9574,5728,910340,197282,221953,2482908,65084,80174,530423,254992,702983,369679,2337650,1072662,2783828,155848,364698,3640043,3254788,3227187,385255,385255,222222,163033,412856,2900691,509021,149352,1396025,1327880,1258065,99.59%,92.73%,100.00%,99.80%,https://upload.wikimedia.org/wikipedia/en/thumb/4/48/Minnesota_Vikings_logo.svg/98px-Minnesota_Vikings_logo.svg.png
Nashville,Nashville,Tenessee Titans,36.16646,-86.77129,TN,,,678448,604589,0.1222,,1427,475.543,1,2,2,60680,733787,6057,733787,366741,145902,45691,13064,124721,8584,85806,19410,196634,39317,111087,46761,232237,185964,2.59,3.15,1897061,366396,45859,547678,118506,84835,756577,265098,393197,10443,16559,71280,807252,243314,396444,12411,59486,95597,26133,33,54,9,91,29,38927,16097,2870,3533,2733,6961,16097,9613,462732,100515,111111,1312544,45759,78844,333151,95062,326225,179304,1187941,505529,1490454,96192,227121,1933860,1758724,1741658,175136,175136,72422,102714,192202,1601670,212399,115207,733787,695332,657326,98.28%,70.11%,99.83%,87.52%,https://upload.wikimedia.org/wikipedia/en/thumb/c/c1/Tennessee_Titans_logo.svg/100px-Tennessee_Titans_logo.svg.png
New Orleans,New Orleans,New Orleans Saints,29.95093,-90.08136,LA,,,388424,347772,0.1169,,2292,169.434,1,2,1,54363,485267,4407,485267,191733,66206,31059,8393,99092,4741,74025,20461,163383,32500,89854,37550,130097,149507,2.58,3.38,1251791,191160,31388,386016,113988,43972,491050,198758,209217,10300,15554,57221,543320,194634,211115,12297,49041,76233,13716,32,45,8,87,15,25621,10285,2416,2013,1793,4063,10285,7118,311579,63423,78274,887526,32255,73715,246877,50976,174560,111817,781556,286377,985446,59809,196022,1270530,1173722,1160037,96808,96808,45279,51529,110493,1063172,130674,77606,485267,444441,405757,90.72%,41.92%,99.80%,75.02%,https://upload.wikimedia.org/wikipedia/commons/thumb/5/50/New_Orleans_Saints_logo.svg/98px-New_Orleans_Saints_logo.svg.png
New York City,New York City,New York Giants/Jets,40.81219,-74.07698,NY,,,8230290,8190210,0.0049,,27400,300.381,1,11,3,79844,7102817,14519,7102817,3242285,1345765,377652,110873,1259543,69459,831845,251003,2223337,360921,1193481,604916,2125000,2284932,2.65,3.3,18828578,3238358,381331,5782129,1614183,709760,7558045,3045275,3729728,123013,184050,475979,8250538,2958610,3599705,204315,697130,790778,214601,20,46,5,66,38,419771,92662,15334,18039,14979,44310,92662,63054,4619686,955346,1303827,13500496,881007,829657,3316837,895797,3266624,2375867,11789832,5642491,15110695,473161,1906680,19216182,13518443,12970945,5697739,5697739,3387398,2310341,6245237,10845210,7220912,3653083,7102817,6598414,6233941,99.72%,99.28%,100.00%,99.80%,https://upload.wikimedia.org/wikipedia/commons/thumb/6/60/New_York_Giants_logo.svg/100px-New_York_Giants_logo.svg.png
Oklahoma City,Oklahoma City,Oklahoma City,35.4676,-97.5164,OK,x,5,669347,582516,0.1491,3,1104,606.445,0,1,0,48860,523919,4202,523919,245879,99540,31989,10690,102623,8092,71046,17793,143428,30615,81009,37464,167450,141295,2.63,3.28,1376838,246637,31209,423270,97299,54504,546799,195580,263075,10831,15106,62207,574623,168195,267202,14109,47143,77974,21040,35,61,7,107,30,29290,13198,2264,3257,2127,5550,13198,8459,371984,73145,98821,921672,37816,62234,255496,68563,183585,106502,821622,290087,1056189,94121,196474,1408950,1295852,1278729,113098,113098,48622,64476,130221,1137213,180375,127555,523919,491223,458689,83.64%,38.20%,99.51%,14.57%,
Philadelphia,Philadelphia,Philadelphia Eagles,39.90078,-75.16745,PA,,,1585010,1528280,0.0371,,11804,134.279,1,5,2,66596,2323207,7891,2323207,1052682,398347,144305,42479,408021,29995,285410,80555,718199,132219,393630,189397,681913,716485,2.56,3.2,5943507,1052103,144835,1799462,433573,190327,2397494,960099,1147162,41847,60518,187868,2617186,923064,1124686,54569,229410,285457,70695,29,49,8,76,34,133174,41854,5860,6748,7909,21337,41854,26087,1483998,305467,416915,4248994,133140,240015,1210742,310187,981041,677330,3875839,1658371,4775141,275857,791653,6102434,5434752,5292261,667682,667682,379983,287699,810173,4812566,939854,392387,2323207,2172175,2066852,99.67%,96.42%,100.00%,99.80%,https://upload.wikimedia.org/wikipedia/en/thumb/8/8e/Philadelphia_Eagles_logo.svg/100px-Philadelphia_Eagles_logo.svg.png
Phoenix,Phoenix,Arizona Cardinals,33.5277,-112.26261,AZ,,,1733630,1449040,0.1964,,3349,517.673,1,5,3,48065,1765135,9816,1765135,860545,328592,132574,43437,315306,27378,207250,59914,456710,80726,252739,121957,546036,540317,2.76,3.35,4863677,859972,133125,1468256,419539,217650,1970606,752732,946866,24918,46217,199873,2019891,629432,937091,33765,149279,270324,61234,33,52,17,90,26,121351,40162,8127,6214,5971,19850,40162,23896,1211972,271592,298420,3341094,173748,227350,768811,292743,686516,387981,2939996,1074497,3786404,288643,574842,4948203,4240640,4170743,707563,707563,309527,398036,777460,3417116,1229478,924969,1765135,1694284,1571634,99.65%,95.40%,100.00%,98.80%,https://upload.wikimedia.org/wikipedia/en/thumb/7/72/Arizona_Cardinals_logo.svg/179px-Arizona_Cardinals_logo.svg.png
Pittsburgh,Pittsburgh,Pittsburgh Steelers,40.44679,-80.01576,PA,,,299718,305283,-0.0182,,5412,55.376,1,3,2,60227,1028436,5792,1028436,454060,148082,73655,18051,209256,10545,160932,46378,291465,36609,193596,102939,236083,345067,2.19,2.84,2256183,453498,74199,556664,87216,56170,944961,343115,468726,12978,32413,87729,1013097,297083,477716,17342,110903,110053,24978,23,50,12,85,26,30658,12613,1470,1895,2573,6675,12613,7802,485241,102246,135433,1692649,27302,70225,532317,174520,369868,239397,1595122,609265,1880204,138062,343271,2317600,2220425,2205871,97175,97175,48303,48872,111729,2082240,117857,26463,1028436,928855,884708,99.17%,81.38%,100.00%,96.13%,https://upload.wikimedia.org/wikipedia/commons/thumb/d/de/Pittsburgh_Steelers_logo.svg/100px-Pittsburgh_Steelers_logo.svg.png
Portland,Portland,Portland,45.5152,-122.6784,OR,x,2,662549,585429,0.1317,4,4966,133.421,0,2,1,59921,964554,4818,964554,461922,179371,86403,21978,174819,12403,119379,34529,241410,36291,145399,62599,274248,272323,2.54,3.13,2453623,462096,86080,667194,146587,127112,1012773,374552,500750,10786,20056,106629,1045911,317667,503135,14882,71201,139026,26341,17,43,3,63,33,42029,9424,2157,2012,1904,3351,9424,5825,566826,120916,147367,1769500,51617,77246,368268,155195,437779,275571,1640637,713350,1965735,130207,296606,2493221,2172439,2134672,320782,320782,166199,154583,358549,1919432,436919,200651,964554,925269,875899,98.57%,72.40%,99.84%,94.80%,
San Antonio,San Antonio,San Antonio,29.4241,-98.4936,TX,x,1,1581730,1332300,0.1872,2,3261,485.113,0,2,2,48684,830598,5623,830598,388561,158450,50270,18924,152113,13411,100498,27149,239654,51874,118995,47570,283974,227921,3.03,3.72,2513683,388506,50511,856632,282040,105396,991358,394666,450982,24419,23299,97992,1028821,334663,445646,34308,78468,135736,34355,37,54,18,88,32,69780,22622,3420,4391,4327,10484,22622,15421,680614,141830,170465,1664242,111526,127882,434585,138952,306816,172694,1424834,479510,1890623,187726,356985,2550960,2258056,2190389,292904,292904,126548,166356,360571,1546681,833215,747053,830598,783324,714525,97.97%,67.15%,99.81%,88.80%,
San Francisco,San Francisco,San Francisco 49ers,37.71349,-122.38626,CA,,,883255,805505,0.0965,,18832,46.903,1,4,3,104921,1721576,7415,1721576,837515,358419,116424,22624,317089,15733,210715,63167,450548,60230,260460,127162,506405,525815,2.7,3.32,4654824,836669,117277,1270057,401052,308193,1949034,775103,977457,23917,37037,135520,2014680,685311,943806,31872,144819,208872,49498,17,42,1,56,39,108515,23322,4233,4808,2660,11621,23322,14909,1099253,220608,350624,3443062,190616,169226,539467,226040,1032030,736144,3083220,1768174,3804888,142447,435463,4731803,3267755,3181171,1464048,1464048,852834,611214,1550632,2628732,1852156,698829,1721576,1649311,1580941,99.61%,93.79%,100.00%,99.80%,https://upload.wikimedia.org/wikipedia/commons/thumb/3/3a/San_Francisco_49ers_logo.svg/100px-San_Francisco_49ers_logo.svg.png
Seattle,Seattle,Seattle Seahawks,47.59515,-122.33163,WA,,,776555,610630,0.2717,,9260,83.862,1,5,3,78073,1541245,6838,1541245,751436,318097,127273,29893,294856,19017,201226,44605,367680,53511,220446,98148,456143,388375,2.54,3.12,3910347,751013,127635,1057453,234760,198241,1631302,599565,825309,21754,28377,156297,1636541,484517,812107,25356,109901,204660,52980,19,53,5,83,36,68236,15436,2254,2119,1852,9211,15436,9218,917875,180836,249353,2808487,89856,113141,537480,254217,754202,485529,2605490,1239731,3109849,234435,427382,3979845,3197119,3116467,782726,782726,378171,404555,863378,2813220,927850,261339,1541245,1490087,1433861,99.45%,88.13%,99.94%,99.30%,https://upload.wikimedia.org/wikipedia/en/thumb/8/8e/Seattle_Seahawks_logo.svg/100px-Seattle_Seahawks_logo.svg.png
Tampa,Tampa,Tampa Bay Buccaneers,27.97597,-82.50335,FL,,,404636,337053,0.2005,,3549,114.017,1,3,2,48908,1228481,9173,1228481,544594,172782,88501,24108,228124,14599,165241,55655,367262,57582,220269,109994,302252,434531,2.56,3.25,3145542,545226,87847,878047,260693,145248,1283932,459234,602945,20873,43881,156999,1388896,396066,603801,26561,139723,222745,33947,29,47,12,75,32,63803,17186,4586,2608,2344,7648,17186,11612,690293,141996,188880,2318658,87444,150245,661435,231387,470613,262762,2080969,733375,2557485,234531,454127,3194831,2733463,2613865,461368,461368,251585,209783,580966,2343434,684056,482818,1228481,1167143,1093365,99.17%,80.90%,100.00%,99.80%,https://upload.wikimedia.org/wikipedia/en/thumb/a/a2/Tampa_Bay_Buccaneers_logo.svg/100px-Tampa_Bay_Buccaneers_logo.svg.png
Washington,Washington,Washington Football Team,38.9077,-76.86452,DC,,,714153,605226,0.18,,11681,61.136,1,6,2,74385,2251002,8870,2251002,1107444,488145,124102,32226,384265,25196,260107,60251,635191,109910,366462,144707,726486,596402,2.74,3.4,6175951,1106962,124774,1893837,514138,285238,2453390,957608,1242890,33207,46992,172693,2624572,922995,1209050,51222,175220,266085,75572,22,48,7,68,40,143975,34639,5615,7140,5353,16531,34639,22440,1614781,323323,460759,4310584,200428,186422,775315,264191,1132060,1083660,3923734,2215720,4800407,372052,542782,6280697,4840853,4700774,1439844,1439844,754213,685631,1579923,4140907,1739876,806999,2251002,2171907,2077633,99.66%,96.11%,100.00%,99.80%,https://upload.wikimedia.org/wikipedia/commons/thumb/7/72/Washington_football_team_wlogo.svg/1024px-Washington_football_team_wlogo.svg.png
